107293346,Wingspan,
106045469,The Underdiddled,5.10c
105979864,Whores in Church,5.13c
105966927,Unbroken Chain,5.12a
107294941,New Traditionalist,5.12b
109175881,Harmony,5.11c
109175873,Dominaire,5.7
107153346,Tamarin,5.12b
109195938,Tainted Love,5.12d
107719687,Slave Fingers,5.9
107129370,Workman's Comp,5.10d
107129386,Toss that Beat in the Grabage Can,5.10d
107129362,Preservation of Wildlife,5.11d
107129358,Two Bag Face,5.9
108150623,Never Alone,5.8
106040108,Zealous,5.10d
109033322,Who Knows?,5.7
105963450,The Contortionist,5.9
107982432,Yew Nosemite,5.12b
108903794,Not A Chance Dude,5.10c
108903064,Pedalante,5.9
106386687,Unnamed SL  7,5.10a
108034563,Unnamed 5.10a,5.10
105963446,The Distortionist,5.6
105983069,V-Slot,5.9
106562043,Unknown,5.12b
106561976,Schneezal,5.12a
106386724,Unknown,5.9
109437933,As Surely as the Flower Blooms,5.11a
105943753,Team Jesus,5.10a
107298505,Useless Beauty,5.10
106386768,Two Finger Limit,5.10a
106386782,Tequila Maria,5.10c
105918475,Mutiny,5.11c
107792710,No Refund,5.10d
106386696,Indian Summer,5.10c
105918469,Satisfaction Guaranteed,5.11c
107791064,Hundra Scundra,5.10b
107792700,Bad Hair Day,5.9
106386748,Make Way For Dyklings,5.10a
109053525,Unnamed,5.12b
106386738,Lickty Split,5.9
108842050,The Wanderer,5.10a
106494923,Vanished,5.11c
109053501,Thrill in the Ville,5.11a
108359076,Strip Tease,5.12a
106608581,The Prow,5.12b
108768800,Supermoon,5.11a
107583304,Starry,5.12a
106608544,Skull In Hole,5.12a
107539064,Shake And Not Stir,5.12d
107159878,Mr. Cute,5.11a
109427654,Moselstra\xdfe,5.10d
109427635,La Senora No Contenta,5.11c
108915363,Kurt Albert Gedachtnisweg,5.11b
109050963,Pistol Whip,5.11c
108938386,One Banana,5.11a
106493826,Meathead,5.11c
109033631,Lieutenant Tomek  ,5.9
109023567,King Lichen Me,5.10a
108938328,Madmen Rule the World,5.10d
106608613,Load,5.10d
107159897,Bullocks,5.9
109043168,Happy Sexgiving,5.10b
107929471,Half Mast,5.12b
108915349,First Last and Always,5.12a
109308672,Nasty Wieners,5.9
108903782,Mighty Hermaphrodite,5.10b
108903953,Imagination Dehydrated,5.11b
109419449,Berecik,5.8
108768795,Coffindaffer's Dream,5.11b
107539049,Bittersweet,5.13a
109422840,Beer Pressure,5.11d
109532099,Alleluja,5.10c
108013438,Scott's Turf Builder,5.10a/b
105961531,Stuck In Another Dimension,5.11a
107791123,Rhododenema,5.10a
106859853,Reaching New Heights (New River Gunks Direct),5.11b
105943580,Reachers of Habit,5.11b
108015309,Nine Lives,5.11c
105943599,The Realignment (Entertainer direct),5.10d
105976636,Rapscallion's Blues,5.10c
105997750,Mr. Ed,5.8
105943603,JunkYard Dog (JYD),5.11c
105943588,New River Gunks,5.7+
105990870,Keep it Tight but Don't Give Me AIDS,5.6
107603824,Enteruptus,5.10-
106781863,Nasty Poodle Chew,5.7
106037093,Dreamtime,5.9+
106942219,Chasing Spiders,5.7
106942210,Theme Time,5.6
106179955,Mr. Workman's Crack,5.11b
105966328,Poodle with a Mohawk,5.1
105943658,New Yosemite,5.9
105963441,Jumping Jack Flash,5.7+
106037088,Churning in the Huecos,5.10d
108104154,Bubba Meets Jesus,5.11a
105991670,Antropov's Cold,5.11c
105943666,Four Sheets to the Wind,5.9+
105943609,Cave Routes  1 and  2,5.7
108578879,Slopers Malone,
108589301,Mines of Moria,
108014289,Ann's Revenge,5.8
105943593,The Entertainer,5.10a
106070704,Tobacco Road,5.12b/c
106305759,Surfer Rosa,5.12d
106133390,Pod,5.13b
106447781,Obitchuary,5.12b
106133382,The Mercy Seat,5.13a
106215459,BC,5.13b/c
105967836,Reckless Abandon,5.12a
106932032,Rubbish,5.11a
106323555,Robin,5.8+
106323550,Batman,5.9
107257287,Green Envy,5.12c
107768354,Genocide,5.12a
106021084,Quick Robin to the Batcrack,5.10a
106420023,Disturbance,5.11d
106782924,Milk Run,5.9
105997756,Midnight Moonlight,5.7
106309990,The Hopfenperle Special,5.7
106783037,Rockin' Robin,5.11d
106073387,First Strike,5.10a
108826913,Dark Hollow,5.8
105993531,Your Mother...,5.9
105961603,Where Real Men Dare,5.8
106237478,Two Edged Sword,5.10d
105961608,Talking with Angels,5.11d
106175499,Maranatha,5.10c
107953083,The Force,5.11c
106570206,Beginners Only,5.7
105961569,Agent Orange,5.12a
106883414,The Walrus,5.10-
105963472,Up to Disneyland,5.7
106155558,The Hall Effect,5.8
106155571,Gunky Heaven,5.6
106263776,C.M.Q. (Chloe Madelyn Quinn),5.12b
107048766,The Vertex,5.10c/d
107048795,The Reverse Traverse,5.9
106155566,Out to Lunch,5.8
105963496,Afternoon Delight,5.7
106784212,Reunification ,5.12b
106190832,Promised,5.10b
106784253,Last Tango ,5.11b
106784199,Happy Head,5.8
105964405,Gemini Crack - Rt.,5.10a
106175519,Gemini Crack - Left,5.10c
106175512,Esse Crack,5.10c
107859268,Whiny Bugs,5.12b
106021094,You Want It You Got It,5.9
108053802,The Travisty,5.13c
109107077,Mulatto Serpent,5.12b
106420011,Chunky Monkey,5.12b
106023149,Out of Mind,5.10a
106552240,M.E.N.S.A.,5.11d
106660052,Journey to the Center of the Brain,5.7
106552247,Butta,5.11c/d
106883939,Brain Wave,5.7
106023155,Brain Teasers,5.10a
106831253,Brain Storm,5.8
106890310,The Will To Power,5.11c
109114864,Stuck in Another Direction,5.12b
106023161,Brain Tweezers,5.10b
106036569,Wham Bam Thanks for the Jam,5.10b
107521908,Steve Martin's Face,5.11c
107551000,The Sportster,5.13b
108103364,Ruchert Motion,5.13a
106421437,Grace Note,5.12b
108126425,Chorus Line,5.12b/c
106023192,Spiderwand,5.10b
106127068,Rod Serling Crack,5.10b
106023184,Happy Hands,5.9
106184221,Broken Sling,5.10a
106921437,Mononuclear Knows It,5.8
106064677,Fat Man's Folly,5.9
106064690,Chasin' the Wind,5.11b
106001499,Burning Calves,5.10b
106293315,Air,5.11a
106719972,Welcome to Beauty,5.11b
107779751,West Virginia Two-Step,5.13a
109053453,Vignette,5.12a
107539021,Typical Situation,5.13b
106270977,Sojourners,5.10b
106921450,Potato Chip,5.6
106270989,Plastic Attraction,5.12a
106961486,Zelda,5.13a
106012665,White Powerdrette,5.11a
106608664,Unnamed,5.10c
107359461,Tubin' Dudes,5.13b
106216446,Super Mario,5.13a
106011876,Sixteenth Rung,5.10c
105944162,The Rock,5.7
106012643,Rival,5.10a
106011871,Pinkney Route,5.10d
106216459,Leap of Faith,5.13c
105944158,Guide Route Right,5.5
105944154,Guide Route Left,5.5
105967025,European Vacation,5.12b
106064737,Transcendence,5.11d
105951037,Screamer Crack,5.8
106032593,Right Son of Thunder,5.11c
106064720,Mushrooms,5.10a
106032608,Momma's Squeeze Box,5.8
107551019,Loud Noise,5.12b
106270966,Let's Make A Deal,5.11c
105949134,Super Crack,5.9+
108049258,Gun Club,5.12c
108341752,Concertina,5.12a
106421433,Backlash,5.12a
107496898,Toymaker,5.13a
106550363,Superman,5.12b
106562033,Sausage,5.11b
106550098,Push,5.12a
107361540,Lamda,5.12a/b
106960810,Lady Punk,5.10b/c
106550348,Floaters,5.10d
107361553,Eye of Mordor,5.13a
107516037,Creature,5.12c
106550243,Cross Eyed and Blind,5.10d
107361544,Corner Pocket,5.13a
107069302,Boomerang,5.13a
107361568,Black Crack,5.12c
106758428,Unnamed 5.11a  2,5.11a
106758388,Unnamed 5.11a,5.11a
106758402,Overboard,5.11b
106919793,Ben Dunne,5.10a
109506026,Andoullie,5.11c
107074712,Ly'n and Stealin',5.12b
107560666,High Wire Act,5.12c
106758461,The Contortionist,5.12a
106758490,Clown School,5.10a
107253630,Unnamed Crack 5.6,5.6
107219249,Unnamed Crack,5.8
106891706,Voodoo Surfing,5.10b/c
106156848,Strong Arming the Little Guy,5.10b
106493778,Scoot Your Muffin,5.10b
106139159,Souled Out,5.9
106449486,The Hunger Artist,5.10-
106243180,Orange Dihedral,5.9+
105997974,Moon Pie Deluxe,5.10d
107709746,Just Say No,5.9
106002567,She got the Bosch I got Drilled,5.10a
107260051,PDS,5.10a
105989372,Apollo Reed,5.13a
105992269,Year of the Pyscho Bitch (a.k.a. Process of Elimination),5.11b
105997712,Vaseline Vision,5.12a/b
106416034,Spider Needs a Thesaurus (Dinosaurus Clitoris),5.11d
106942184,The Hell With That,5.9
107852687,Skinny Legs,5.13b
105918472,Orange Oswald,5.10a
105994649,Delayed Stress Syndrome,5.11b/c
107562040,Angle of Attack,5.12c
105992257,All the Way Baby,5.12b
106811063,Trigger Happy,5.10a
105993742,Talk About It,5.10b/c
105992273,Hippie Dreams,5.7
106139147,Fabulous Groupies,5.9+
106602639,Sudetica Verticalia,5.10a
106773476,How 'Bout 'Em Apples,5.10d
106289170,Gun Lust,5.10c
106288348,Do it,5.11a
106789227,The Deficit,5.10d
106289180,All Ears,5.10b
106001347,World at War,5.11d
105918478,Under the Milky Way,5.11d
106562059,Stone Cold Dixie,5.12+
106461151,Spice,5.11b/c
106602644,Six Dollars,5.11d
107829734,Seven Minutes of Heaven,5.12a
107792673,Rocky Top Hilton,5.10a
107202336,Ragged Reaction,5.9
107829742,On the Porch,5.9
105993751,Personal Pronoun,5.9+
106271005,No Way Jose',5.11b
107181873,Minimum Overdrive,5.11a
105994645,Maximum Overdrive,5.11c
106092113,Ingrate,5.9
106919137,Fifty Fifty,5.11b
108796697,Suicide Blonde,5.13b
106603133,Jesus is My License Plate,5.10d
107094773,For What?,5.10b
105993756,Chewy,5.10b
105992317,That Eight,5.8-
106519009,Smilin' Jack,5.11c
108836822,Simple Minds,5.11d
106062736,Narcissus Direct,5.12d
106139168,Sniff the Drill,5.8
105918466,Narcissus,5.12a
106139191,Jeff's Bunny Hop (aka Jeff Does the Bunny),5.8
109588071,Hang On Little Tomato,5.8
105997978,Barfing Butterflies,5.11a/b
108852120,The Rheesist,5.13c
106002544,Chunko Goes Bowling,5.9
106818549,Baby Has a Bolt Gun,5.10c
106759834,Q-tip,5.11b
106759853,Psycho Wrangler,5.12a
107127861,Love Sock,5.12a
107257241,Intergalactic Orcas,5.12b
109502406,Final Twilight,5.12b
106886445,End of Innocence,5.11c
106886454,Cottonmouth,5.10a
106759846,Cottonhead,5.10d
106759861,Cotton the Act,5.11d
106939390,Cotton Gin and Tonic,5.7
106938971,Bio-Slab,5.7+
109073951,Audiophering,5.12a
108339943,A Touch of Tango,5.11c
107961032,Solitude Standing,5.10b
107653191,King of Swing,5.11a
105948008,Underfling,5.10b/c
105944170,Team Machine,5.12a
105943677,Strech Armstrong (a.k.a. Ruptured),5.12a
106809711,The Strategem,5.12a
108575503,Wild Bill's Zen Bitch Slap,
108575442,Politically Left,
108575509,Butch Goes to Indochina,
105960951,Bee's Nest Arete,
105944184,Zag,5.8
105948012,The Tree Route,5.10a
108350605,Raptured,5.11a
107042258,Penalty Situation,5.8
106016060,Mega Magic,5.12b
105943742,Monkey See Monkey Do,5.5
105943693,Mean Old Mr. Gravity,5.11b
105951069,Mayfly,5.9
105944174,Marionette,5.11c
106602674,Let's Get Physical,5.12a
107885992,Witches of Bangor,5.10c
106138634,Zeitgeist,5.10a
106140407,Weisenheimer Brainstorm,5.11a
106138616,Shady Lady,5.7
106866818,Pure Power,5.13a
107034624,Plumber's Crack,5.6
106811030,Pay It Forward,5.9
107507863,One Repetition Max,5.12b
107034604,Mike Tyson's Face,5.12a
106866831,Lord of the Jungle,5.12a
106138623,Lieback and Enjoy It,5.10d
107792720,Jaws of Life,5.11a
106138609,Mrs. Field's Follies,5.8
106896165,ISO 9000,5.11b
106782906,Hepatitis C,5.10d
105987551,Hardcore Female Rash,5.10a
106875873,The Good Book,5.10a
107961007,Cafe Chic,5.10d
105987545,Kinestetica,5.10c
106711554,G-String,5.11a
106866804,Clean Shaved,5.11d
106896142,Centennial,5.10b
105856047,Celtic Sun,5.9+
108170581,Check your pants,5.9-
106035742,Look Who's Pulling,5.11a
107749556,Final Jeopardy,5.11d
106495460,Casper Says Boo,5.9
106138127,Geisha Girl,5.8
106184767,Decameron The,5.10b
106138628,Crescendo,5.9
106124184,Butterfly Flake,5.7
107895953,Bobby Prize,5.10d
107895946,Bikini Line,5.11c
108251120,Bass Ackwards,5.11c
106877011,Barb Wire,5.11c
106138117,Assman,5.8
106138121,Bobby D's Bunny,5.6
106418047,Badass Tattoo,5.10b
105943699,Let the Wind Blow,5.12a
105951057,Labor Day,5.10
105856063,5.5 My Ass,5.6
105951063,Layback,5.9+
107521960,International Incident,5.11+
105943689,Horton's Tree,5.7
105951052,High Times,5.11
105943685,Handsome and Well-Hung,5.11a
105943880,Jaws,5.9+
105944192,Englishman's Crack,5.11b
108041116,Blunder and Frightening,5.10b
105961494,Dresden Corner,5.11d
106031215,Dogfight,5.10b
105951076,Butterbeans,5.10a
108291254,Are You Experienced?,5.12c
108754734,Are You An Idiot?,5.12
105943747,Easily Flakey,5.6
105943705,Chockstone,5.9+
105944188,Angel's Arete,5.10a
106921483,The Wang Way,5.9
106037049,Peanut Bubba and Jam,5.8
107629672,Tasty Flake,5.8
107791156,Smoking Crack,5.8
106496490,She Rides,5.9
106073377,Radial Rimmed,5.10c
107791167,Pounded Puppies,5.11d
106418988,S.L.A.P.,5.12a
107634200,Raiders of the Lost Crag,5.10b
107892808,Tongulation,5.11a
109455268,Wad Cutter,5.12b
106575442,The Undeserved,5.10b/c
105970475,Tattoo,5.12a
106946228,Roy's Lament,5.9
108803298,Never Cry Tuna,5.11c
109094662,Mig Squadron,5.10d
109447029,Shotgun,5.12b
109482039,Second Amendment,5.12b
107340109,The Mechanical Bull,5.13a
105964890,Jacob's Ladder,5.0
108776416,Fat Back,5.12c
106372895,Churning In the Butter,5.11b
107551020,Baby Rage,5.12a
106046077,With a Little Help from My Friends,5.10a
106046088,Wimpy Wimpy Wimpy,5.9
106765877,Walking in Your Footsteps,5.10a
108408140,Slab-O-Meat,5.11d
106237422,Rat's Alley,5.7
106171325,Que's Jook Joint,5.11b
106579581,Pudd's Pretty Dress,5.12c/d
105963143,The Upheaval,5.9
105963388,Totally-Clipse,5.8
107793588,Newd Scientist,5.5
106046063,Fool Effect,5.9
109558733,A Date with Disappointment,5.12b
106263791,Skin the thief,5.10a
107953149,Oyster Cracker,5.10a
106263784,One fingered pic-pocket,5.10c
109447077,The New Reed Route,5.11b
109447060,Kline the Billy Goat,5.11c
109094648,Golden Years,5.12a
109361997,Bubbas in Arapilies,5.12b
108413884,Blue Angel,5.10d
106731834,Sufficiently Wasted,5.11a
106567533,Drug Virgin,5.11d
106001159,What a Jam,5.9
106037634,Scream Seam,5.11a
106060054,Lobster in Cleavage Probe,5.10a
108265123,Do the Funky Evan,5.10d
106765852,Sugar Bubbas,5.11a
108413519,Silent but Deadly,5.13a
105947521,S.T.A.N.C.,5.10b
107176590,Rock Lobster,5.10c
106001169,The Racist,5.13b
107384950,Pocket Route,5.13a
106421307,New World Order,5.12a/b
106567527,Mississippi Burning,5.12a
106282216,Legacy,5.11a
107826096,Dissonance,5.13a
105948290,Discombobulated,5.11a
105970498,Dial 911,5.13a
106421298,Bullet the New Sky,5.12b
106155602,Stop Pulling My Ear (Arppeggio),5.10d
105966922,Springer,5.10b
106874818,Celibate Mallard,5.10c
106002342,Sancho Belige,5.11c
106156825,Play it by Ear,5.10b
106415972,Mo' Betta' Holds,5.11c/d
106014424,Ministry,5.12b
106014417,Kaos,5.12c
105966917,Low Voltage,5.10b
106895203,Lost Souls,5.12a
108069966,Just Another Glitch,5.6
105973930,Jumpin' Ring Snakes,5.9
107797850,Hardcore Female Thrash,5.11c
107147178,Bourbon Sauce,5.11d
107147169,Control,5.12a
106036518,Fire,5.10c
106419010,Bicycle Club,5.11d
106036505,Ice,5.11c
107634221,Caroline Crocker and the Tipple of  Doom,5.12a
108105086,All The Right Moves,5.11d
106519046,Boing,5.10b
108286513,Tarbaby,5.12b
107164374,The World's Hardest Five Twelve,5.12a
108242070,The Tantrum,5.12d
107652860,Sanctified,5.12d
107818637,Oh it's you Bob,5.11b
105944381,The Green Piece,5.10b
105944377,Flight of the Gumbie,5.9+
106480207,Magnatude,5.11d
109419920,Skull Fuck Direct Finish,5.13a
108231286,The Haulage,5.12c
106703828,Skull Fuck,5.12c
106019602,Yowsah,5.12b
109115293,Mojo Hand,5.12d
105989369,Massacre,5.13a
105944388,Lactic Acid Bath,5.12d
109115493,In the Flat Field,5.13c
106703837,Devil Doll,5.12d
105970375,Blood Raid,5.13a
106137047,Second Thoughts,5.10b
107792683,Sand in My Crack (Cuddle Monkey),5.7
106886952,Preparation H,5.12a
106019836,Totally Tammy,5.10a
105963848,Rico Sauve,5.10a
106886964,Nude Brute,5.13b
106137034,Not on the First Date,5.11c
107792690,The Good Old Days,5.9
107257149,Tit Speed,5.11c
106019664,Pockets of Resistance,5.12a
106461172,Out of the Bag,5.11c/d
106019684,Grit and Bear It,5.11a
106944814,Tony the Tiger,5.11c
106960538,Mr. Hollywood,5.12a
106425641,Fuel Injector,5.13b
108129346,The Sting,5.12a
106416004,Squirrelly Adventure,5.10a
106419038,Slash and Burn,5.12d
105966939,First Steps,5.10c
106461197,Scenic Adult,5.11c
107636251,Fairtracer,5.10d
108287530,Butcher Man The,5.11a
108287516,Buzz Kill,5.12c
105966934,Bimbo Shrine,5.11b/c
108286570,The Shining,5.11a
108287221,Shang,5.12+
109515386,Searching for Sanctuary,5.9
108079159,Pettifogger,5.12c
106820631,Thunderstruck,5.12b
106036537,New Clear Potato Meltdown,5.11b
109515401,J-Tree Route,5.10a
108079168,I Smell Arete,5.11c
106418999,Dining at the Altar,5.12a
106848354,Almost Heaven,5.10b
106036550,Moon Child Posse,5.11c
108850496,Michelin Man Original Finish,5.12-
107629662,Michelin Man,5.11d
106496502,Let Them Eat Pancake,5.10b
107791193,Keine Kraft,5.12b
106495387,Czech Vacation,5.8
107892801,Chuckles,5.8
107791200,The Attacktician,5.11a
107984144,Werewolf,5.10b
105997741,Thank God I'm Bubbafied,5.8
106970299,Spatenweiss,5.11c
106138647,Near Beer,5.6
106138658,Micro Brew,5.5
106138651,Gilded Otter,5.7
106910793,Fred Sandstone Flake,5.9
106310004,St. Pauli Girl,5.10c
106910833,Doo-Wah Woof,5.4
106310009,Delerium Tremors,5.11a
106073368,Cirrhosis of the Leader,5.11d
106138663,Cerveza Verde,5.8
106970281,Celebration Ale,5.11a
106603023,Bubbaweiser,5.10d
106138673,Beer Wench,5.8-
106037062,Learning Curve,5.8
106037054,The Icon of Control,5.10c
106406584,Daisy Cutter,5.7
105997731,A Pound of Prevention,5.8+
106179863,The Man From Planet Zog,5.11a
108243059,Hi-C,5.10a
106138679,Wunderkind,5.6
106179826,Immaculate Combustion,5.10d
106073353,Fired for Sandbagging,5.12a
108173045,Fierce Face,5.10d
106421318,Face it Bubba,5.11a
109525174,Eight Ball in the Side Pocket,5.12a
106179842,Dumbolt County,5.10b
106910760,Duck In A Noose,5.8
106035715,Cumberland Blues,5.11b
106035723,Bubbarete,5.10b
108173074,Bubba Safari,5.8
105991892,Basic Bubba Crack,5.9
106179879,Sheer Energy,5.11a
106035730,Shear Strength,5.11a
106037083,The Raptilian,5.10d
106037077,Little Wing,5.10b
107911411,Golden Escalator,5.11a
108364892,Bedtime for Bubba,5.9
106037070,Axis Bold as Bubba,5.9
108850688,L'Amour des Toits,5.12b
107019082,Verde Bunyan,5.10c
106866781,Stellar Idea,5.11b
107257199,So Freakin' Fun,5.10d
107257195,Skinhead Sin,5.11c
106866742,Skinhead Grin,5.11b
107543193,Verde Suave,5.7
108466144,Tworgasaminimum,5.10a
108850600,Reaches From Hell,5.11d
107789094,Masterpiece Theatre,5.12d
107671968,Little Creatures,5.10d
106866794,Coughing up Fleming,5.12a
106866754,All Things Considered,5.11b
106876943,Pyro Vixen,5.10a
106866761,Hubba Bubba,5.9
107612872,Feng Shui,5.12a
106875740,China Crisis,5.11a
106970320,Mo'Verde,5.10a
106970312,Ichabod Crane,5.10c
106970327,Gimp Verde,5.8
106006291,Meat Puppets,5.11b
108754713,Earn Your Dinner,5.10+
107171620,Luv Nothing,5.12c
107171587,The Beckoning,5.12a
107359448,Judgement Night,5.12d
106001180,Finger Crack in White Corner,5.12-
106001485,Converging Paths,5.10a
106237455,Stroke Victim,5.8
106237467,Thought Crime,5.7
105997956,Flash Point,5.11d
106171331,Euro-Nation,5.11c
106060020,The Diving Swan,5.11a
106198247,Modern Primitive,5.12b
106171317,Party All the Time,5.10b
106039953,Party in My Mind,5.10b
108350995,Where's Bulimia?,5.9-
106508083,Sloth,5.12c
107849145,Trebuchet,5.14b
106796650,Superstition,5.12d
106961501,Skylore Engine,5.13a
106866838,The Warm-Up,5.11a
107337946,Satanic Traverses,5.12c
107337912,Proper Soul,5.14a
107389373,Power Lung,5.11c
105971958,Ride The Lightning,5.13b/c
107394627,Norse Code,5.12d
106837400,New Life,5.11b/c
108065644,Nag,5.11b
107389351,Hourglass,5.12a
108520172,Mr. McGoo,5.12c
106480252,Graffiti,5.12a/b
107586058,Live and Let Live,5.12b
107312800,Hasta La Vista,5.12c
107805988,Freedom Tree,5.13d
107062570,Finders Keepers,5.12c
106259938,Zygomatic,5.11c
107384924,The Weatherman's Thumb,5.12d
105963020,Supersymmetry,5.7
106198229,Straight Up and Stiff,5.11a
106037625,Remission,5.10b
106037600,Raging Waters,5.11a
106060029,Ovine Seduction,5.11a
105961638,Leave it to Jesus,5.11c
107899116,Labrador Reliever,5.8
105963042,Strike A Scowl,5.10b/c
105966399,Homer Erectus,5.11b
107318908,Gift of Grace The,5.12b
106237414,Fine Motor Control,5.12a
106587942,Amarillo Dawn,5.11a
106060036,Durometer 64,5.10b
106944789,The Dark Side,5.11b
106046055,Crack A Smile,5.10a
106037604,Can I Do It Till I Need Glasses,5.10c
106960498,Titan's Dice,5.13a
106421448,Technarete,5.10b
107394748,Recondite,5.11b
106784420,Idiotsyncracies ,5.11b
106421441,The Growing Hole,5.12a
106155527,The Grafenbeg Crack,5.9-
108923108,Dr. Ruth's Variation,5.8
106784281,The Diddler ,5.10b
108923127,Crystal Vision,5.10a
108923119,Between Coming and Going,5.10c
107968311,Arms Control,5.11b
108267992,Virgin Thing,5.12a
106372913,Two-Step Arete,5.8+
106155536,The Tide,5.8
106259892,The Stick,5.11d
106660115,New Fangled Dangle,5.11a
105970434,Mr. Fantasy,5.11c
106966860,Riddle,5.10c
106259910,Fantasy Face,5.12a
106961445,Erotica,5.12a
106418976,Blackhappy,5.12b
106039945,Hooked on Bionics,5.11d
106155521,Fantasy,5.8
106310040,Doce Doe,5.9
105977657,Black and Tan,5.10a
106259865,Aesthetica,5.11c
106171311,Seventh Sign,5.7
106385760,The Prowess,5.9
107875571,Positron,5.12a
108992458,New Age Equippers ,5.11c
106039961,Nasty Groove,5.9
107361227,The Magnificent Pudcasso,5.12a
105997953,Linear Encounters,5.11a
105949347,Mellifluous,5.11a
108418356,Le Futuriste,5.12b
106921518,George of the Gorge,5.9
106039012,The Flyin' Hawaiian,5.9
106709472,Dead Painters' Society,5.12a
107829337,Techman,5.12c
108826575,Stealth and Magic,5.12d
106033163,Smooth Operator,5.9+
106293340,Stim-O-Stam,5.11c
106293374,Pocket Pussy,5.12a
106039032,Manute Bol,5.10d
106293381,S'more Energy,5.11c
106039930,Premarital Bliss,5.9+
106759066,Party Till Your Blind,5.10b
107799731,Harbinger Scarab,5.12c
106293356,Freaky Stylee,5.12a
106386677,Eat My Dust,5.11b
105963065,Diversity in Microcosm Variation Finish,5.9
106039941,Diversity in Microcosm,5.9
106171352,Voyeur Variation,5.10a
107895141,Pulling on Porcelain,5.13a
109476525,Maximum Leader,5.12c
109025351,Luck of the Draw,5.11c
105963118,Exoduster,5.10b/c
106023208,Biohazard,5.10a
106882193,Hellbound for Glory,5.12a
106171345,Glass Onion,5.10b
106023214,Back in the Saddle,5.10c
107082571,Autum Fire,5.10b
106060101,Wire Train,5.10c
106037099,Walking on the Moon,5.11a
107359425,Satanic Verses,5.13c
107257212,Sacrilege,5.12b
108319667,The Rabbit Almost Died,5.12a
106936801,Quinsana Plus,5.13a
106060089,Muckraker,5.11a
106013175,Moonraker,5.7+
106575455,Lunar Debris,5.9
107883015,Libertine,5.12d
106396709,Jesus and Tequila ,5.12b
106060079,The Jackie Gleason Flake,5.9
108131218,Harlequin,5.12b
106060047,Double Flat,5.9
109535180,Dead R\xe1ib\xe9ad,5.12+
106171358,Crescent Moon,5.7
105997950,Spectre,5.11c
105966408,Riding the Crest of a Wave,5.9
106434142,Meniscus Burning,5.11c
106434129,Idol Point Arete,5.12a
105979888,The Original Crankster,5.13a
108889563,Color Blind,5.13a
106037594,Channel Zero,5.11c
106259957,The Bonemaster Gear Fling,5.11d
106809680,Pleasure Principles,5.11a
106045455,Nookie Monster,5.9
106045474,New-veau Reach,5.11c
106045465,Kidspeak,5.10a
106809575,Dragon in Your Dreams,5.11c
107294383,White Eyebrow,
106809641,Clumsy Club Crack,5.10b
106045487,Chasing Rainbows,5.10a
107799483,The Land Before Time,5.12d
108383290,Fern Creek Direct,5.11a
109026730,The Wrath of Khan,5.8
106781767,Transporter Crack,5.6
107698707,No Sign of Intelligent Life,5.7+
106781786,Impulse Power,5.4
106493668,Fall Line,5.12b
108578251,Bat Cave Traverse,
108589361,Walking the Dog,
109050665,Mud and Guts,5.10b
108578268,Slitty Titty Traverse.,
106660063,Mega-jug,5.11b
106170966,Spiderwalk,5.10c
107331686,Welcome to Conditioning,5.12d
107640747,Just Send It,5.13b
107877940,My Stinking Brain,5.13a
106493707,First Person,5.10c
105963432,Triple Treat,5.10a
106342328,Shiney Faces,5.10+
106719993,Portly Gentleman's Route,5.12c
108398854,Lewd Operator,5.10-
106073348,Hysteria,5.8
106193724,Grand Space,5.11b
105963436,Springboard,5.10b
106001493,Bisect,5.10c
106244477,Anal Clenching Adventures,5.10a
108824018,The Weight,5.11d
106193704,Surge Complex,5.11a
106493753,S&M,5.9
106660073,Ritz Cracker,5.9
108806683,Pleasure and Pain,5.11b
108312685,New Tricks for the Old Dog,5.10b/c
106193745,Morning Dew,5.12a/b
106046097,Jacuzzi Bop,5.10d
108318187,Jug Rash,5.12b
106046103,Goofer's Retreat,5.9
106039082,Fire and Waste,5.10b
106039070,Crescenta,5.10a
106781846,Beech Beeech Beeeech,5.6
106781838,A Wild Hair,5.6
106921409,Crack of the Klingons,5.6
106921420,Beam Me Up Scotty,5.7
106179925,Two-Tone Arete,5.10b
106209660,Tongue-in-Groove,5.12a
108938433,Thieves in the Temple,5.12
106001204,Sometimes a Great Notion,5.11a
108115297,Rolling Rock,5.9
108291407,Grand Larceny,5.11d
108114552,Emerald Dance,5.9
108130719,The Brawn Wall,5.12a
108114616,Baptism by Fire,5.9
106209593,Wild Seed,5.11a
107151664,Quickie in the Molar,5.12a
106493737,Muscle Belly,5.11c
106209612,Gonad the Bavarian,5.11d
106179907,Fragile Ego System,5.10a
106209644,Fly Girls,5.12a
106209632,The Chameleon,5.10b
107294413,Puckerface,
107294347,Parochial Verbiage,
107294439,Leaving Las Fayetteville,
107339878,Arbor Day,5.12a
109544310,Question of Integrity,5.10c
109148560,Kamikaze Lizards,5.9+
107393389,Aimee's Jugs,5.6
108745452,Opium of the People,5.11a
108735299,Mononucleosis,5.8
108678086,Porter for Recorder,5.11+
108745426,Penance,5.12a
108686313,Liturgy,5.11d
108703970,Honemeisters,5.11a
108683788,Holy Grail,5.11c
106737560,Hillbilly Sex Farm,5.10d
108703954,Flake and Bake,5.9
108668551,Chopping Bloc,5.12a
108686075,Hell Hound,5.11b
108820543,Cousteau's Crux,5.12b
108683945,Zinger,5.6
108765734,Wendigo,5.9
108703959,Sun Glory,5.11b/c
109196174,Stumbling Dice,5.12c
109423004,Speaking Fire,5.10d
108765851,Slingin' Yayo,5.8
106737603,Tatanka,5.11c
106737635,Rico's Maildrop,5.12a
106945058,Hazmat,5.11c
108683933,Serial Driller,5.11b
108730622,Scientific Paws,5.11d
108745536,Rock Opera,5.11c
108730637,Booger Sugar,5.12a
106494893,Unknown,5.11c
108173093,Turtle Power,5.9
108151039,Heart of Darkness,5.12b
106491892,Soul Patch,5.11a
109063058,Way of the Cougared,5.10a
106852096,Waco not Hueco,5.11c
106852112,Stays in Vegas,5.12a
108326065,Skin Job,5.12b/c
106852068,Scaphoid,5.9
106968435,Replicant,5.12a
107126741,The Project,5.13c
109063081,Nope just sex,5.11a
108323635,Next Time,5.13a
106913948,Natural Regression,5.12b
107604869,Made in The Shade,5.12d
106852082,Lunate,5.10c
106882167,Instant Gratification,5.11b
107772097,Game Theory,5.12c
109063118,Free Range Show Poodle,5.8
109525964,Did you Kiss?,5.11a
106819936,Fat Crack and Beer,5.11+
107799042,One for the Gipper,5.13c
106738851,Machete Arete,5.9
106738860,Delta Star,5.10c
107533623,Brown Star,5.12a
107673349,Crossing the Line,5.13b
107604852,Cage Match,5.12c
109062946,Balefire,5.10a
107435818,The Way of the Beaver,5.12a
106873984,Unknown 5.10c,5.10c
106873883,U Boat,5.12a
106873836,Treeiage,5.10b
107265982,Tooter,5.8
106853421,Tiggers and Airplanes,5.11d
108080646,Tigger's Got a Gun,5.11a
108080639,Tigger Got Drilled,5.11a
106873969,Teeter,5.9
106888425,Submarine,5.12a
107435799,Stolen Tiggers,5.12b
106853486,Rosetta Stone,5.10a
107435790,Roof of Death,5.11d
108322998,Ring Worm,5.8
108178733,P38 Lightning,5.12a
106873898,My First Eleven,5.11b
106960793,Makes You Tigger,5.11a
106873920,Low Brow,5.12a
106853512,Hope Pathology,5.10a
106913959,Hook Line and Tigger,5.12a
106853465,Hundred Acre Wood,5.9
106853498,Macauley's Irish Stout,5.12b
106888440,Hard Pipe Hitting Tiggers,5.12b
106873934,New Mexican Rodeo,5.10a
106888456,Disco,5.11a
106852135,Depth Charge,5.12b
106913953,Danger Flake,5.12a
106853477,D.D.,5.10a
106491999,Winter Harvest,5.10c
106765699,Welcome to the Meadow,5.11b
108365439,Truancy Man,5.6
107629279,Truancy,5.7+
106737624,Get a Haircut Doug,5.10c
106873946,Flaming Pellets,5.11b
108172884,Beetle Byway,5.8
107153379,B-52,5.13a
108317668,Astrolube Sex Wax,5.11b
106883450,Tobasco Fart,5.7
106765674,Tabasco Fur,5.10a
109252358,Rocket in my Pocket,5.6
107129436,Ziggerknot,5.10c
107435823,All Tiggered Out,5.12a
107706830,Off My Rocker,5.11a
107138702,Puppy Chow,5.12c
106628389,Mango Tango,5.14a
107193060,Lavender Days,5.13a
107138716,Just Another Pretty Face,5.11
106913421,The Greatest Show On Earth,5.13a
107533585,Fruity Pants (AKA Porter's 12c),5.12d
107138688,Big Top,5.12a
108443815,Begoon/Artz Corner,5.9
106853446,Accusing the Innocent,5.10d
107468210,Back to Power,5.10
109252370,Neon Parks,5.6
107680315,Making Whoopie,5.8
109252339,Little Feat,5.5
107706815,Home Schooled,5.9
108494416,Golden Age,5.11d
109252328,Giggle Box,5.6
107129412,Fritz Crack,5.8
109252384,Opulence,5.9
106765628,Bust a Move,5.10d
106491844,Mr. Mogley,5.11c
106494900,The Hand Out,5.11b
107863413,Fresh Boy,5.12a
107458195,Country Love,5.10b
106494881,Dead Varment,5.9
109252407,Begoon/Cote,5.11a
107773476,Bulgarian,5.9
106491033,Artz vs. Parker,5.12a
107084114,White Trash,5.13a
106765778,Mind Bomb,5.12b
106491911,Arachniphobia,5.9
106491043,Trojans,5.11c
106494909,Toxic Hueco,5.11d
109023652,Inertial Twists,5.12-
106936725,Go Cat Go,5.12b
106892150,Ghandian Dilution,5.11c
107084094,Crag Memorial,5.12b
107533222,Cock Diesel,5.13b
108163829,Unknown,5.7
107820118,Gato,5.12a
106765758,Chimpanzabubbas,5.10d
106703654,Cat Food,5.11d
106765732,Canine,5.12a
107680205,Roy Davies,5.7+
107511200,D.C. Memorial Face,5.11c
107511187,Campground Sluts,5.10a
106892109,By the Way I did Your Mom,5.10b
108686297,Blood Trail,5.12
108703944,Blood Flower,5.10a
106737532,Big Bang,5.11b
108295007,665,5.10a
108295188,204,5.10a
107094737,Whinerlamer,5.9
109608905,Waverly,5.12b
106386659,Wafer,5.12a
108400883,Unnamed crack,5.7
107554557,Wendy's Jugs,5.7
107865528,Unholy Mackerel,5.10a
107895289,Tacos Pescados,5.11d
107829637,Straight Outta Lockmont,5.9
107094656,Pat-Agonia,5.11b
106946198,Nonameyet,5.11a
107895242,Mojo Jojo Crack,5.12a
107034659,Logos,5.12b
106736128,Masuko,5.11a
107540073,Latch Key Kids,5.10a
107094784,Jowiki,5.10a
108468844,Johnny Bravo,5.10a
108413680,Jay's Corner,5.6
108385883,Java,5.9
107066142,Jason and the Arguenots,5.12a
108836852,How Could Hell Be Any Worse?,5.11a
107865519,Holy Mackerel 5.8,5.8
106386798,Hat Change,5.10d
106736089,Gimme a Clown,5.9
107829690,Flounder,5.11a
107377472,Don Miron,5.11c
108404492,Crescent Corner,5.10b
107384091,Cowboy in the Dirt,5.8
108381188,Ching Chang Chong,5.9+
108404483,Charlotte Corner,5.10a
107384080,Bongo,5.7
106736061,Blaze Got a New Job,5.11b
106946283,Bender,5.11d
107899980,Back to the Known,5.10+
climbID,climbName,climbGrade
