105869218,She Loves Me,5.6
105865970,Tuff Noogies,5.6
105918091,Skin The Cat,5.11a
106581192,Salad Days,5.6
105869520,Simon Sez,5.10a
106927926,Unworthy,5.11a
107621644,Upstream Swimmer,5.9
109007452,Negative Energy,5.11a
105917599,Pop Tart,5.7
106716974,Pee-Wee,5.7
105880984,Toxic Avenger,5.10d
106837613,Nevermore,5.9+
108877951,People Gully,5.1
107699031,Menifee Meth,5.5
106166699,Windy corner,5.11b
106176798,Social Butterfly,5.10b
106371748,It's a Wonderful Life,5.9+
107718010,Shish-kebab,5.9
106176791,Pleasant Surprise,5.11a
105872480,Pebbly Poo,5.9
105868260,North Face aka the Cable Route,5.7+
106286289,You Can Tune a Piano but You Can't Tuna Fish,5.10b
105868290,South Ridge,4th
105885030,All Cows Eat Grass,5.8
105945822,Wild Gift,5.12c
106037239,Way Up Yonder,5.12a
105901381,Up Yonder,5.11b
106227805,Trouble Clef,5.9-
106045283,Tic-Tac-Toe,5.12b
105889531,Synchronicity,5.11a
107059158,Scissors,5.11d
106233733,Strevels Gets in Shape,5.12b
106026660,Valor Over Discretion,5.8
105880953,Stay the Hand,5.12a
106402728,Runnin Down a Dream,5.10a
106584364,Pine,5.12a
105871993,Milkin' the Chicken,5.11d
105860741,Roadside Attraction,5.7
106020821,The Return of Chris Snyder,5.11d
105893126,Pulling Pockets,5.10d
105860755,Motha,5.7
105892929,Ledger Line,5.7
106124912,Just Duet,5.10d
105871986,Jump for Joy,5.9
106961737,Home Is Where the Heart Is,5.12a
105860759,Ro Shampo,5.12a
105882851,Kampsight,5.9
106045278,Jersey Connection,5.12b
106369238,Hemisfear,5.11d
106045420,Harder Than Your Husband,5.11b
106065335,Hard Left,5.10a
105892936,Gumby Land,5.3
105860751,Fadda,5.10a
106383573,Camel Toe Jockey,5.9
106641271,The Love Shack,5.11c
107729227,It Ain't Easy Bein Squeezy,5.6
105891720,Hot Licks and Rhetoric,5.8
105891716,Grunt,5.8-
105860747,Five Finger Discount,5.8
106727781,Chunnel,5.13a
105872472,Into the Purple Valley,5.8
106840059,Flaring Crack,5.7
105917907,Electric Cowboy,5.11b
106641263,Delusions of Grandeur,5.11b
105886633,Dragonslayer,5.10d
105886641,Crazy Fingers,5.10c
105882846,C Sharp or B Flat,5.7
105871982,Andromeda Strain,5.10a
106286285,Altered Scale,5.9+
105977711,Come In Your Lycra,5.10a
106641255,Coffee Talk,5.10c
105870336,Captain One Eye,5.10a
108343367,Burden of Dreams,5.11c
106840052,Big Crack,5.6
107717986,A Way of Life,5.10b
106176804,5.11 Jimmy and Spike Go Craggin',5.10b
105880940,AWOL,5.10a
107699020,The X Files,5.6
107990173,When Doves Cry,
108877925,Super Gun,5.9
107628759,Ride 'em Cowboy,5.7
106371786,The Rerigerator,5.8-
106371769,Please Don't Feed the Triceratops,5.7
107989299,Hidden Dragon,5.12c
105868107,Dreams,
105868276,Keyhole Route,5.3
107090076,Double Helix,5.6
106371779,Danger Mouse,5.8
107989289,Crouching Tiger,5.12-
106837601,Chem Studs,5.10a
107286734,Bitchmobile,5.8+
107639233,Armed,5.10b
108877939,A Fresh Start,5.10c
107368109,Us and Them,5.12a
106937723,Tourist Trap,5.9
108060970,Stool Sample,5.10c
106333624,Steelworker,5.12c
105870283,"Wadcutter AKA ""Gumby Killer""",5.9+
106957146,Sport for Brains,5.11d
106370678,Sex Show,5.11d
106290282,Seek The Truth,5.11d
105893133,Rest Assured,5.10a
106957123,Recoil,5.11d
106309947,Receiver,5.11b
106937715,Reanimator,5.10b
106333629,Racer X,5.12d
107387489,Poopie Head,5.10c
106290243,Pocket Pussy,5.10d
108105789,Hmmm,5.2
105917603,Boogered,5.11c
105917872,Arms M. Bargo,5.10+
105893136,Family Values,5.10c
107321345,Dream of a Bee,5.8
107368128,Del Boy,5.11b
107639451,Cordelia,5.8
106290265,Centerfire,5.11c
105880973,Strick 9,5.9
106457744,Red River Renaissance,5.9
105880989,Pink Panties Pulldown,5.7+
106020245,Big Money Grip,5.12a
105880966,New Red River,5.9
106290300,Bare Metal Teen,5.12a
105880996,Funhouse,5.7
105870306,Cold Shot,5.11a
106282950,Campfire Crank,5.12a
105880979,Buckeye Testpiece,5.6
106457752,Anne's Crack,5.10a
106282961,11:11,5.11b
106166709,The Return of Geoff Beene,5.10d
105918062,Bandolier,5.11a
105880960,Bongo,5.6
106927939,Undesirable,5.11c
106927891,Unbridled,5.10c
105869516,Mountain View Drive-In,5.7+
105869502,The Jolly Roger,5.6
105869511,Foggy Mountain Breakdown,5.9+
105869528,All Cracked Up,5.9-
106176657,My Name is Earl,5.11c
106716979,Miranda Rayne,5.9
106176667,K.S.B.,5.10d
106286399,The G-Man,5.10c
108857366,Earth-Bound Misfit,5.12c
106171789,Audie,5.8
105882347,Mighty Eidson,5.4
106494791,Groundhog,5.3
105889513,Dog Days,5.8+
105889521,Curving Crack,5.8
105865977,Gemini Crack,5.5
105882024,Caver's Route,5.3
105882818,Arachnid,5.8
106437910,Africa,5.9
106309924,Scar Tissue,5.12a
105918073,Put Me In The Zoo,5.9+
105918096,One Brick Shy,5.10c
106579826,On Beyond Zebra,5.11c
106127530,Edgehog,5.10d
106579832,Lynx Jinx,5.11c
106129055,Jail Bird,5.10d
106126244,Hippocrite,5.12a
106127916,Geezers go Sport,5.11b
105918086,Chimp,5.10b
105869223,Prozac Nation,5.10+
105869213,Missing the Obvious,5.8+
105870015,Lust At First Sight,5.9+
106127925,Monkey in the Middle,5.11b
106309932,Cannonball,5.11b
108941985,Barrel Full of Monkey,5.11a
105918082,Armadillo,5.10d
105865736,Duke's Day,5.6
108168983,Oberon,5.10b
106577327,Attack of the Sand Shark,5.9-
105854080,Minas Tirith,5.9-
106973470,Jack the Ripper,5.11c
105867989,There and Back Again,5.6
107845041,Wide Pride,5.10c
108544814,Stonehinge,5.10-
108544808,Kaiju,5.11-
106585375,40 OZ of Justice,5.13a
106641238,All Things Considered,5.11d
105891694,Thirsting Skull (closed),5.12c
105870144,Things That Go Bump In the Night,5.9+
106593331,Super Slab,5.12c
108544822,Full Service,5.10
106702538,Tire Swing,5.10a
107059269,Teeter Totter,5.11c
107059244,Steal the Bacon,5.11a
106702543,Slide,5.9
105917901,Are the Pies Fresh?,5.12a
106980972,Gold Rush,5.11d
106702950,Different Strokes,5.11c
106937642,DaVinci's Left Ear,5.10b/c
108732455,Unknown Flake / Dihedral ,5.6
106973595,Thru Space and Time,5.10a
106849627,Lowered Expectations,5.5
105870261,Tissue Tiger,5.12b
107289422,Jet Lag,5.9
108078319,Jack Move,5.11b
108705380,Come To Me Marie,5.8
107289404,Autograph,5.11a
107289398,Apoplectic Chick from Missouri,5.10b
105891673,Sunshine,5.9
108466010,Zen and the Art of Masturbation,5.12d
106577204,Random Precision,5.11b
107879859,The Preacher's Daughter,5.11-
106895798,Mosaic,5.12c
106125118,Happy Trails,5.10d
108485824,Guernica (To first anchor),5.11a
106782101,Samurai,5.12b
106125110,The King Lives On,5.10b
106154626,Johnny B. Good,5.11a
108469779,Guernica,5.12b
107791113,Darkside of the Flume,5.9
106924124,Break the Scene,5.12a
106782135,Barbed Wire,5.12b
109612969,All That Glitters,5.12
106286394,Amarillo Sunset,5.11b
107059233,Red Rover,5.11b
106125082, Murano,5.10c
106658553,Octopus Tag,5.7
106604790,Monkey Bars,5.10a
106604805,Jungle Gym,5.10b
106604822,Crack the Whip,5.12a
106604816,Capture the Flag,5.11b
107059260,Balance Beam,5.11a
106584667,Special Boy,5.11c
106575827,Paradise Lost,5.13b
107903509,Jumbo Shrimp,5.10a
106575837,Hellraiser,5.12
106575842,Gluttony,5.12a
106125070,A Brief History of Climb,5.10c
106125099,27 Years of Climbing,5.8
107903491,The Gimp,5.10a
106584658,Dracula '04,5.13b
106575856,Believer,5.11
108544831,Buffin'  the Taint,5.9+
105883470,The Weasel,
109077624,The Spider Squat,5.7
105883480,Seven-Ten Split,
105882861,Love Hurts,
105882833,Lost Dart,5.2
105882857,Hierarchy,
106730200,Good Tang,5.7
107792664,Der Kommissar,5.9
107775577,Dicey at Best,5.8+
105882839,DAB Chimney,5.6
107574176,Caterpillar Crack,5.6
106730189,Blue Biner,5.9
108938341,Reach for the Beach,5.9
107847977,Laceration,5.4
105883461,Aptly Named,
105891504,The Quest,5.10+
105974573,Marmalde,5.9+
105974580,Layback Crack,5.8
106176822,Lactic Acid,5.9
107585050,Investigator,5.7
105891669,Handjob,5.9+
107584999,Devine Climb,5.8+
105868048,Yuk,5.9
107195752,Whip It Out,5.11d
105865685,Vector Trouble,5.10a
105868036,Two Step,5.7+
107195762,Trinket Man,5.11d
107195735,Stand and Deliver,5.11c
106937634,Souders Crack,5.11
107195807,The Snatch,5.11d
107667738,Sacred Geometry,5.13
107195821,Rock Caddie,5.10a
105868029,Now I'm Nothing,5.11c
105919218,Ralph & Bob's,5.7
105868700,Perforator,5.10a
107667730,Next Day Air,5.11-
107195728,NEPA This,5.8-
105868688,Mailbox,5.8
105919225,Long Wall Chimney,5.7
105868175,Steal Your Thunder,5.9+
105868180,Razor Burn,5.7
107195787,Kazi and Mito,5.11a
106417287,Hot September,5.9
107195829,Gladuator,5.12b
105917897,The Gift,5.12a
105854086,Major's Pinnacle,5.8
106730251,Little Boy Bleu,
105868000,Rock Wars,5.10a
106309183,Game Boy,5.11c
108037538,Fear and Loathing in Nada,5.10b
106417326,Cruise Control,5.9+
105885186,Boom Boom Out Go The Lights,5.10b
107667764,Bloodline,5.12-
105865495,Big Country,5.5
105891912,Back Door to Paris,5.10c
105868693,B3,5.11b
105885169,Subatomic Fingerlock (closed),5.10a
106045291,The Reliquary,5.12b
105870266,Stay Left,5.10a
105891704,Pink Feat Boulder Problem,
106123184,Parting Gift,5.11b
107195890,Nothing for Now,5.12a
106594004,Nicorette,5.12a
105868022,Autumn,5.9-
105870248,Possum Lips,5.10+
106053937,Nagypapa,5.13d
106594009,Mule,5.12c
106574382,Minimum Creep,5.11c
106053943,The Legend,5.13b
105939731,Left Turret,5.11b
105870026,Jungle Beat,5.10
105870271,Mercy Miss Percy,5.9
105870220,Jac Mac (closed),5.11d
105891685,Gung Ho,5.12a
107195878,Government Cheese,5.11d
105891677,Moonbeam,5.9
105891681,In the Light,5.10
105885179,G.I.,5.7
106061926,Forearm Follies,5.11d
105870193,Decay's Way,5.7+
105870198,Danita Dolores,5.10
106731301,Bozo's Bogus Booty Biner (BBBB),5.11c
105870212,Blade Runner (closed),5.7
105885175,Beene Material,5.10c
105870205,BeeneStalker (closed),5.10d
105870243,Another Doug Reed Route,5.11-
106932351,The Verdict,5.12b
106969274,Twisted,5.11b
107392101,Transworld Depravity,5.14a
105870256,Fuzzy Undercling,5.11-
106393414,Tuna Town,5.12d
106577231,Trust in Jesus,5.11a
106164148,Trad Sucker,5.11b
106916504,Team Wilson,5.12d
106598941,Swahili Slang,5.12c
106895836,Stella,5.11d
107359867,Stabbed in the Back,5.10a
107055936,Snooker,5.13a
106575787,Snapper,5.11a
106286382,Stain,5.12c
106928753,SKWBA,5.11d
106579687,Skin Boat,5.13a
106925412,The Sauce,5.12b
106305165,Rocket Dog,5.12b
106727829,Resurrection,5.12c
107055948,The Reacharound,5.12c
106969249,Pushing Up Daisies,5.13c
109089998,Purdy Mouth,5.12b
107195921,One-Eyed Willy Up the Back,5.11c
106895870,The Low Easy One,5.12b
106575777,The Madness,5.13c
106585384,Leave it to Beavis,5.12d
107899800,Laura,5.11-
106969294,Hot For Teacher,5.12c
106484047,Kick Me In The Jimmie,5.12a
106484453,Injured Reserve,5.11a
106417447,Hoofmaker,5.13a
106736608,The High Hard One (aka Subman),5.12d
106286388,Heart Shape Box,5.12c/d
106417458,Harvest,5.12d
106543000,Golden Touch,5.13b
106417464,Flux Capacitor,5.12d
106969206,Flour Power,5.13b
108646527,False Positive,5.12c
107055941,Cutthroat,5.13b
106756611,Crime Time,5.12d
106598931,Convicted,5.13a
108371294,The Chronic,5.12b
106261131,Buff the Wood,5.12b
106975155,Breathe Right,5.11c
106153682,Chainsaw,5.12a
106538496,Burlier's Bane,5.12a
106575765,8 Ball,5.12d
106598936,Ball Scratcher,5.12a
108087253,Continental Drift,5.8-
106575756,BOHICA,5.13b
107934642,Ben,5.11a
106445478,Ale-8-One,5.12b
106189887,Tall Cool One,5.9
106170048,Fifth Bolt Faith,5.10b/c
106065471,Plate Tectonics,5.9+
106065461,Gettin' Lucky in Kentucky,5.10b
106599140,Virgin Bolter Tag Team,5.10b
106937596,Weed Eater,5.11b
108175651,Velveteen,5.4
107152673,Velvet Revolution,5.11d
106574070,Suppress the Rage,5.12a
107131450,Some Humans Ain't Human,5.10c
106599147,Machete,5.10b
106574064,Kokopeli's Dream,5.9
107219559,All Mixed Up,5.11a
106123658,Stretcherous,5.12b
106789884,Beware the Bear,5.10b
107225708,Apotheosis Denied,5.11c
106962278,Special K,5.11a
106789874,Shock and Awe,5.7
106937614,Moots Madness,5.10a
106915646,Weapons of Mass Deception,5.9
107204390,Ohio Arts,5.12a
106463621,Pre-emptive Strike,5.10c
106451192,Touch of Grey,5.11a
106915673,Momma Cindy,5.11b/c
107143145,Night Moves,5.11b
106935993,Lip Service,5.11c
106799739,Ear Drops,5.8+
106773955,Dyn-O-Mite,5.9-
107204346,Double Stuff,5.12a
107143575,Black Powder,5.10a
107204361,Beef Stick,5.12a
107131332,Battery Life,5.11c
107204414,Parks and Rec,5.7
107205260,Mona Lisa Crack,5.8-
107204420,Irish Mud,5.8-
107204424,Fear of Commitment,5.7
107205256,Built for Life,5.8
107204428,The Archeologist,5.7
106915658,Little T-Bone,5.9+
106944299,Ledgends of Limonite (direct start),5.10
106580254,Ledgends of Limonite,5.8
106580266,La Escalada,5.6
106657106,Edge-a-Sketch,5.11b
107204398,Buccaneer,5.11c
106580249,Glory and Consequence,5.7+
106580234,International Route of Pancakes,5.8
106422472,Dynabolt Gold,5.10a
106451181,Bitter Ray of Sunshine,5.10c
106956734,Earthsurfer,5.11d
107255588,Dance of the Druids,5.9
106937607,Cruisin' for a Bruisin',5.10d
107640216,Call of the Wild,5.7
108362895,Bushwhacked,5.10c
108362793,Bourbon and Bluegrass,5.10c
106580228,Boltergeist,5.10b
106793318,Yu Stin Ki Pu,5.6
107239431,Smear Tactics,5.11b
106792369,Slither and Squeeze,5.2
106817486,Sweet and Sour,5.5
106793304,Slabalito,5.7
107239443,Night Foxx,5.11d
106767080,Short and Sweet,5.7
107239454,Sheet Rock,5.11d
106793348,Shawty,5.8
107297174,The Hand Out,5.12b
106793339,Mercenary of the Mandarin Chicken,5.9
106792402,Low Exposure,5.8
106792394,Kate's 1st Trad Lead,5.1
107121323,Dragon's Tail,5.3
107640368,Dragon's Mouth,5.8
106969859,Crescent Moon,5.10a
107121352,Crescendo,5.8+
107239404,Creeping Elegance,5.11a
108319711,BDSM,5.10b
107238454,Social Stigma,5.11b
107238445,Posse Whipped,5.12a
107238465,Parasite,5.11c
106255358,The Muir the Merrier,5.11a
106792065,Beta Spewer,5.10b
106793328,Ai Bang Mai Fa Kin Ni,5.7
106441777,Mid-Life Crisis,5.11c
106421904,The Happy Fisherman,5.11c
106193276,Mentor Powers,5.11b
106128257,Makin' Bacon,5.10d
107807510,Face Up to That Arete,5.8
108687127,Quaquaversal Crack,5.8+
106915706,Psyberpunk,5.11b
106128246,Annie the Annihilator,5.10c
106579695,Netizen Hacktivist,5.9+
106128957,Naughty Neighbors,5.10d
106286405,Karmic Retribution,5.10c
106603157,Cosmic Trigger,5.12a
106128972,Bad Company,5.10b
106921324,Mancala,5.10a
106272484,Thanks Holly,5.8
106614626,Spinner,5.10b
106598499,Climbing with Crowbars,5.7+
106783054,Burning Bush,5.11a
106598508,Brain Stem,5.7
106614620,Bethel,5.10a
107321623,Watering Hole,5.10a/b
107699042,Unhappy Feet,5.5
106614611,"59"" DrillBitch",5.10a
106272501,2 Chicken Butts,5.9
107239363,Sabertooth,5.10c
106968591,Prehistoric Extermination,5.8+
106968665,Neanderfall,5.9
106968604,Ryanosaurus,5.9
106973561,Corprolite,5.8-
106973554,Basilisk,5.7
106603013,Tapeworm,5.12d
107239389,Mellow Yellow,5.11a
106586316,Iniquity,5.12b
107379996,The Crucible,5.12c
106586323,Cell Block Six,5.12c
108192516,Babyface,5.12b
106603146,Zendebad,5.13a
106061915,Fear or Common Sense,5.11b
108688311,Jacob's Ladder,5.6
107374670,Continental,5.12a
106193281,Triple Sec aka Fifty Bucks,5.12c/d
106792383,Acrophobics Anonymous,5.4
107131436,Dingo the Gringo,5.10c
106712489,Baccaus Goes Climbing,5.8
106575798,Prometheus Unbound,5.13a
106602941,Peace Frog,5.12d
108092260,Name Dropper,5.13a
106333601,Jesus Wept,5.12d
106255347,Immaculate Deception,5.12a
106235349,Hoosier Boys,5.12b
106128420,First Fall,5.9
107360940,Dirty Old Men,5.8+
107860429,Waterfall Ballet,5.10a
106603960,Cruxifixion,5.12
107239466,Budda Slept,5.12a
107360960,Blue Collar,5.12b
107860419,Tecumseh's Curse,5.11b
108548047,Noo-Tha,5.11c
107250835,Thrillbillies,5.10b
107250830,Strip the Willows,5.11b
107250825,Sacred Stones,5.11c
106817493,Go West,5.7
106773969,Return to Balance,5.11a
106417258,Tradmill,5.7
107123636,Heard It On NPR,5.10d
107841202,Cordillera Rojo,5.11a
107841212,Barenjager,5.10d
106577860,Brushfire Fairytales,5.11a
109553082,Urban Voodoo,5.12d
107387111,Summer Sunshine,5.12b
108434413,So Long Mr. Petey,5.12c
106852348,Super Best Friends,5.12b
107331394,Mirage,5.12c
106333606,Galunlati,5.12b
106316623,Manifest Destiny,5.12a
107250844,Magnum Opus,5.12a
108867060,Delicatessen,5.12a/b
109553099,Bundle of Joy,5.13a
106333612,Banshee,5.11c
107132457,Walk the Line,5.9
106065237,Tug-O-War,5.11b
106065250,Treetop Terror,5.10d
106586504,Air Ride Equipped,5.11a
106978712,Abiyoyo,5.12b
106059211,No Bones About It,5.10b
106059221,Melancholy Mechanics,5.10d
106065691,Tradisfaction,5.10a
106059217,Scrumbulglazer,5.10c
107624314,Kentucky Waterfall,5.11a
106575806,Cheetah,5.12c
107132444,Indecision,5.8
106065125,ED,5.7
106059358,Augenblick,5.10c
106059353,Ascentuality,5.11a
106065258,Areterection,5.11d
107855115,Where's My Chisel,5.9
108144702,Universal Gravitation,5.10d
106915637,Sunbeam,5.10d
108360900,Revenge of the Sith,5.10
108885373,Stems and Seeds,5.12a
108061921,Prey,5.11b
106928325,Predator,5.11b
107506355,Out of the Dark,5.10c
107885107,Radical Evolution,5.11a
108061908,Morning Sun,5.11b
106915629,Moonshine,5.10a
107855134,Backstabber,5.9
106385146,South Side of the Sky,5.11a
106385159,South Central,5.11a
105891711,Zambezi Plunge,5.8
107203560,Oddballs,5.8+
107203553,Firestarter,5.11a
107203545,Driller Instinct,5.11d
106292346,Welcome to ol' Kentuck,5.13a
105885373,Sundance,5.10
105886882,Sunburn,5.9-
105885201,Straight Edge,5.12a
107203377,Steel Reserve,5.10c
107203385,King Pin,5.10a
106447766,Imminent Demise,5.10b
107618215,The Seam,5.11c
106937622,Sacriledge,5.10d
107156644,Reload,5.12c
107156609,Picador,5.11b
107374324,Flesh Wound,5.12b
106837597,Perfectly Normal Beast,
106730242,Minas Ithil,5.2
106840270,The Jerk,
107203314,Abby Gabby Goo,5.8
106837589,Positive Energy,
106730216,Forever Yellow Skies,
106730222,Dark Lord,
108434200,Woman Trouble,5.7
105880857,When Gravity Fails,5.9-
105880865,Surfin' With Grizz,5.6
105880881,Rocket Man,5.8+
106385186,Rock Rash,5.9+
105880888,Punch Myself,5.6
106382718,Muscle Shoals,5.8+
105880847,Mama Told Me Not To Come,5.7
106447831,Grand Illusion,5.7
106447823,Bloody Fingers,5.8
107124331,Sam,5.10b
107124313,Rikki Tikki Tavi,5.8
107124319,Panda Bear,5.8
107124355,Much Ado About Nothing,5.11c
107124339,Harvey,5.7
107124345,Casey,5.8
107124350,24 Hour Bug,5.8
107073580,Who Pooped in the Park?,5.11c
106937702,The Unbearable Lightness of Being,5.11c
107073717,tea at the Palaz of Hoon,5.11b
107203006,Chicken Little Loves Abubu,5.9-
107060475,Bullfighter,5.12b
106862482,Bathtub Mary,5.11a
107073601,The Stranger,5.12a
107073651,Resuscitation of a Hanged Man,5.11b
106937694,The Short Happy Life of Francis Macomber,5.10b
107073684,No Country for Old Men,5.11b
107073698,The Love Song of J. Alfred Prufrock,5.11c
108952238,The Fury,5.11c
107073613,Everything That Rises Must Converge,5.11d
107073669,All The Pretty Horses,5.11c
106949444,A Portrait of the Artist as a Young Man,5.11b
106937689,100 Years of Solitude,5.11a
108387039,Winona,5.7
109609246,Unknown Road,5.11b
107203340,Tao Bato,5.11a
107203331,Tanduay Time,5.10d
107203355,Sweet Tater,5.11d
107203293,Surfing the Whale's Back,5.10b
107203301,Stealing Melinda,5.9
106930952,Son of a Wanted Man,5.10a
108612757,Renegade,5.11c
107203285,Oink Oink,5.8
107203308,Lula Mae,5.6
107203231,Lucy Goosey,5.10c
106937674,One-Armed Bandit,5.9
107203262,The Last Slow Draw,5.11d
107203246,Hoosierheights.com,5.11c
106930963,Hijacked Project,5.9
107203363,Haggis Neeps and Taties,5.11b
106930714,Gym Jones Approved,5.11b
107123653,Glide,5.12a
107203325,Flying Serpents,5.12a
107203275,The First Fast Draw,5.11c
107203346,Bangers and Mash,5.11c
106937663,Armed Insurrection,5.10d
106937656,Cindarella,5.9
106603108,Captain Blonde Sinks The Ship,5.11b
106600925,Tomthievery (aka The Sultan Returns),5.8
107537571,Trundling Kentucky,5.8
106130303,Workin For the Weekend,5.10c
106286280,Sweet Jane,5.8-
107596000,Stay Off the Radio Jeff,5.9+
106302099,Rising,5.11a
106727830,Redriveroutdoors.com,5.10a
106432960,Redeye Brew,5.8
106061901,Return of Manimal,5.10d
106085039,Put the Best Foot Forward,5.8
106861600,The P. Heist Rockway to Heaven,5.6
108524421,Ohio Climbing,5.8
107203392,Expresso,5.12a
106085043,Send Me on My Way,5.9-
106065268,Little Viper,5.10b
106579384,Immodium AD,5.7
106130298,Get on the Good Foot,5.9-
107203497,Trundling Trolls,5.11a
106061906,Rat Stew,5.10a
106085047,The Offering,5.7
106129989,Jungle Trundler,5.11a
106064500,Hey There Fancy Pants,5.10c
107131365,Thunderclinger,5.10c
108885357,Retirement Day,5.10b
108339057,Renegade,5.11c
107203517,Mum Mum,5.11a
106712455,Flutterby Blue,5.9
106579371,Don't Take Yer Guns to Town,5.10c
106061920,Critters on the Cliff,5.11a
107203510,Manteleer,5.9+
107203531,Golden Road,5.12a
107333907,Golden Box,5.10d
107203525,Buddhalicious,5.11b
106130307,CH4,5.7
107116591,Bee's Business,5.8
106085035,A-Beano,5.8-
107203502,Bombardier,5.10b
109460220,Roaming the Halls,5.7+
105885193,Reserved Seating,5.10b
105860576,Scabies,5.9+
105872786,Razorback,5.6
106176114,Physical Attraction,5.10b
105885386,Ju Ju,5.10a
105885214,High Noon,5.11d
105860631,Brontosaurus,5.10b
106373015,Big Money ,5.9
105860612,Environmental Impact,5.7
105865483,Central Scrutinizer,5.9
105872860,Beachcomber,5.4
105869491,The Arrowhead,5.7
108478676,The Walmartification of Trad,5.8
106653818,Tong Shing,5.10d
106849486,Swap Meet,5.6
108391863,Stephanie's Cabaret,5.11c
107534591,Taste the Rainbow,5.13a
108997649,Street Fight,5.10a
107062156,Listerine Girl,5.9
108143848,Irreverent C,5.12b
107285945,Return of Darth Moll,5.13b
107900437,Praestantissimum,5.12a
106324468,Padawan,5.10a
107055917,Mind Meld,5.13a
109469891,Tar Baby,5.9
109469913,Golden Snow Cone,5.10c
108389072,Gandee Candy,5.8
107353405,That's What She Said,5.10c
107416223,The Spice of Life,5.10b
107353391,Size Doesn't Matter,5.11a
106065310,When Rats Attack,5.10b
108727772,Where's the Beef?,5.12c
106104569,Velvet,5.11d
106712556,Tony's Happy Christmas Crack,5.8
106290528,Tacit,5.12a
106427242,Toker,5.11a
109636763,Skinny Love,5.12d
109553036,Reticent,5.12c
108750922,No Redemption,5.13b
107988925,Moment of Truth,5.12c
109253387,Demon Seed,5.12c
106290540,Horn,5.11c
109477782,Flush,5.11d
106945188,Crosley,5.11c
106615717,Bloodbath,5.12c
108405570,Eyeball Chaw,5.12a
106118250,Beta-vul Pipeline,5.12a
106290553,Dogleg,5.12a
109582040,Tongue-punch,5.11d
107873752,Smokin on Kesha,5.11c
107873743,Scalawagarus,5.11a
108121451,Sandy Malone,5.11a
108121447,Pickpocket,5.10d
107941294,Medicine Man,5.13
107941265,Golden Brown,5.12a
107941305,Fresh Baked,5.12b/c
107941316,Epigyne,5.8+
107941289,Dog Bites & Fistfights,5.12+
107941311,Deep Fried,5.11d
107941261,Crown of Thorns,5.11c
107873758,Chica Loca,5.11a
107941273,Bush League,5.12b/c
109029415,Brownian Motion,5.12b
107941279,Blowin' Loadz,5.12c/d
107180642,Unnamed,5.10d
106782241,Two Women Alone,5.11a
108446305,Spyder's Hangout,5.10a
108397003,Muffintop,5.10+
106982516,Little Teapot,5.12a
107180626,Like A Turtle,5.11b
106783827,Jingus,5.11b
107941299,Better Eat Yo' Wheatleys,5.13a/b
108195152,Collision Damage,5.11d
106782221,Belly of the Beast,5.12c
107353365,You Take Sally,5.11d
108121461,Old English,5.10c
106123263,Rinse and Repeat,5.7
107334457,Ridin' the Short Buzz,5.9
106065295,Raindancer,5.10a
107353477,Pocahontas Path,5.7
108875781,Laying Pipe under the Bridge,5.7
107353375,I'll Take Sue,5.11a/b
106065301,Hot Drama Teacher,5.11a
109316505,Hellava Caucasian,5.12a
107353489,Flying The Bird,5.10b/c
107556667,Welcomed Guest,5.11d
107304762,Tweaked Unit,5.11b
107556658,Aural Pleasure,5.11a
107334440,The Dude Abides,5.11c
107551914,STD,5.10a
106064911,Cheaper Than a Movie,5.8
106065316,Brown Eyed Girl,5.10a
106065327,Bessie,5.11c
107861392,Be My Yoko Ono,5.8
107860443,Yell Fire,5.10d
106065321,Baby Blue Eyes,5.10c
108337049,Wake and Bake,5.11d
106817275,Turkey Crossing,5.4
107974280,Swallow the Hollow,5.12a
106817310,Stephanie Bauer Route,5.7
108394782,Severn Bore,5.11c
107974272,October Sky,5.11c
108725074,N4,5.10c
108725080,Love Potion  9,5.9
108337000,June Bug,5.11d
107941333,Jingus Khan,5.12a
108301541,Deeznuts,5.8
108337016,Cannabis Love Generator,5.11c
106817280,Buckwheats Climb for Stef,5.6
106817338,A1A,5.10a
106876099,Boilerplate,5.8
107860456,Banjolero,5.10c
106782154,Wildfire,5.12a
109641602,Sudoku,5.10a
108400396,Single Finger Salute,5.10c
106125052,The Second Labor of Hercules,5.10d
109053849,Massive Attack,5.12a
106782196,Ghost in the Machine,5.10d
106782169,Conscription,5.11c
109641623,Action over Apathy,5.10b
107941237,Wookie Love Nest,5.12c
107055911,Tusken Raider,5.12d
107055923,Techulicious,5.11d
107083640,Swing Line,5.13d
107059702,Straight Outta Campton,5.13b
107791090,Young Jedi,5.11b
107941233,Stormtrooper,5.10a
106962365,Small Fry,5.9
106324515,Shanghai,5.12d
106081913,Whipper Snapper,5.12b
106615729,Tika Monster,5.13a
108319636,Spank,5.13a
109481550,Sojourner Truth,5.11b
106260100,Yadda Yadda Yadda,5.11b
106081940,Spirit Fingers,5.11c
109644830,Slut Men,5.11d
109612502,Return to Sender,5.10c
109481163,Pottsville Escarpment,5.10a
106081917,Whip-Stocking,5.11a
106577353,Slick and the 9mm,5.10b
106091144,Primus Noctum,5.12a
107906862,Naked Lunch,5.12-
106765595,Mud on the Rug,5.6
106298809,Maizy Mae,
106975111,Kaleidescope,5.13c
106124718,Head and Shoulders,5.11d
109522470,"Harshin"" my Mellow",5.10c
107329629,Hakuna Matata,5.12a
106081926,Make  A Wish,5.10a
109612467,Junior's Gesture,5.11a
109446737,Extra Backup,5.12a
106324389,Mama Benson,5.12a
107915900,Easy Rider,5.13a
106510749,Dirty Smelly Hippie,5.13b
106575738,Beer Belly,5.13a
106967509,Arachnophobia,5.12d
106081931,Fire and Brimstone,5.10d
108383625,Grippy Green,5.12a
106584648,The Force,5.13a
107941228,Evil Emperor,5.13a
107285975,Elephant Man,5.13b
108943392,Barn Dance,5.10d
106324532,American Dream,5.12b
107941251,It's a Trap,5.10b/c
106971714,Subject to Change,5.10d
107567697,Papa Loves Jugs,5.11d
106971704,Dirty Sanchez,5.12c
106081909,Check Your Grip,5.12a
107389029,Big Burly,5.13b
107684861,Rorshach Inkblot Test,5.8+
107685747,Monobrow,5.10a
108421137,Lobster Claw,5.12a
107132554,Hatfield,5.10d
106081922,Breakfast Burrito,5.10c
108343714,Angry Birds,5.13c
107132538,Delayed Gratification,5.10c
107860025,Days of Thunder,5.9
107371014,Space Junk,5.12b/c
106975163,Zone of Silence,5.12a
107055857,True Love,5.13d
106588480,Super Pinch,5.10d
106324559,Supafly,5.12b
108165689,Sunny the Boxer,5.9
107834516,Smoothie Nut,5.10c
107606203,Slow Jack,5.7
107133269,On the Prowl,5.10a
106973588,Norway On My Mind,5.8
107055928,No Fluff,5.11d
107080870,Rebar,5.11a
106875546,The Perfect Pint,5.4
106925375,Mona Lisa Overdrive ,5.11b
106975171,Highway Turtle,5.12a
106324547,Herd Mentality,5.12c
107055840,Golden Boy,5.13b
107055890,God's Own Stone,5.14a
107845311,Forgive Me Amy For I Have Sent,5.6
106817435,Lucky Duck Soup,5.5
106707062,Green Horn,5.11a
106920320,Ethics Police,5.11d
108434317,Erik's First 5.6,5.9-
106925383,Chicken Boy,5.11b
108344446,Chester Fried Chicken,5.4
107080668,Brambly Downslide,5.10a
106954396,Blue Eyed Honkey Jesus,5.12b
106702996,Girls Gone Wild..WOO,5.10d
106912616,Far From God,5.12b
107062135,False Idol,5.12b
107062126,Crucify Me,5.11c
106912621,Coming Out Party,5.11d
106982510,Citizen's Arete,5.11b
106885744,Significant Other,5.10b
107807554,Pee-Wee,5.7
107878537,Decline of Western Civilization,5.10a
106920312,Buddha Hole,5.11d
107669659,Broken Chicken Wing ,5.9+
109609554,Lanterne Rouge,5.9
107370652,My Name is Earl,5.11d
106885779,K.S.B.,5.10d
106885734,The G-Man,5.10c
106885753,Bulldozer,5.10a
106885726,Miranda Rayne,5.9
106885721,Audie,5.8
109609523,Dura-Ace,5.8
106975129,Black Gold,5.13c
108434225,Same Way,5.11b
108392096,Pinkies Extended,5.10c
107104918,Normalised Bramapithecus,5.10d
107089996,Nice To Know You,5.10b
106446581,Johnny on Roofies,5.11a
106849536,Hurt,5.10c
106538985,Helping Hands,5.10d
108384240,Weathertop Stings ,5.10b
108182026,Threat Level Blue,5.9
106969872,Generosity,5.10d
106849475,First Time,5.8+
108096318,Farley's Folly,5.10a/b
106309585,Family Tradition,5.10
107180674,Donor,5.11b
106653826,Darwin Loves You,5.9+
108384248,Stem Cell ,5.10a
107622061,Optical Rectitus,5.11a
107132484,No Sleep Til' Campton,5.10b/c
108384228,Maximus,5.9
107336284,Kentucky Flu,5.10c
109644863,Brothel Doc,5.11a
107132510,Bowling Pain,5.11c
107132492,Alternative Medicines,5.7
108908601,Adventures of the Leper Nurse,5.9-
107276677,Tomfoolery,5.5
105963178,St. Alfonso's,5.7
106333594,Phantasia,5.12d
106727865,Perverse Intentions,5.10a/b
106132213,Twinkie,5.12a
106149020,Pogue Ethics,5.9+
109121041,The Gum Traverse,5.6
106149038,Overlord,5.10b
106149032,Lord of the Flies,5.8
105889540,Creep Show,5.10d
107525875,Bobsledding,5.7
105889536,Creature Feature,5.9
105889544,Count Floyd Show,5.11b
106730360,Sultans of Stem (CLOSED),5.9
106730391,Lunatic Fringe,5.8+
106730366,Finger Lickin' Good (CLOSED),5.10c
106730381,Close to the Edge (CLOSED),5.10a
107400081,Slimy Creatures,5.7
106962264,Jim's Dihedral,5.10a
105883494,Sugar High,
105883504,Mr. Smartypants,
105869993,You Might Be a Redneck,5.8+
105880896,Wocket in My Pocket,
106837567,Tickle Me Elmo,5.8-
105868503,South East Face,5.3
105868524,Original Route,5.2
105943552,Wild Yet Tasty,5.12a
105917918,Twin Cracks,5.9+
105854070,Foxfire,5.7
107051854,Day Tripping,5.10
105893624,Too Many Puppies,5.12a
105870792,Warm Up,5.7
105866010,Standard Route,4th
105873399,Whoville,5.6
108192487,Sylvester McMonkey McBean (aka Snitches),5.11
107574134,Star Bellied Sneeches,5.8
108383761,What's Right with the Underling,5.12a
105867266,The Underling,5.9
106121898,Super Dario,5.11a/b
107389163,Soul Ram,5.12b
107667743,Silently Does the Sun Shine,5.14a
108392771,sick puppies,5.11c
106837482,The Pearl,
105978349,No Return,5.9+
107433601,Martin Rides Again,5.11d
107621628,The Learning Curve,5.12a
105964688,King Me,5.11b
105917957,Inhibitor,5.11a
108144688,Grunge Face,5.12a
105917970,Good Times,5.8+
105870321,Drop the Anchor,5.8+
105917977,Jack in the Pulpit,5.10d
105870316,Doppler Effect,5.10c
106169442,Dave the Dude,5.11d
105917962,Commencement,5.11-
107379163,Wonkaholic,5.10a
109472352,Wobbler,5.11d
108749213,Willy Wonka,5.11a
108640459,Through the Looking Glass,5.11+
108064675,Throbbing Emotions,5.10a
108429570,Team Tough on Tour,5.11a
108043545,Swedish Fish,5.12b
107074597,Sugar Rush,5.10a
107667783,Strongyloides,5.10a
108411358,Snozzberries,5.11d
109480386,Snarf Victory,5.10c
107892930,robotic thumb,5.10b
107379134,One Side Makes You Taller,5.11a
108341704,Naked,5.12a
107921969,Mr. P.,5.10+
108055657,Molten,5.13b
108749249,Mike Teavee,5.12a
106968288,Malice,5.12c
106782060,Oompa,5.10a
108128595,Icebreaker,5.12a
107379148,Hip to the Jive,5.11b
106927842,Loompa,5.10c
106453221,J Rat's Back,5.12a
108341815,Grumpalump,5.11d
109480361,Grandpa Joe,5.9
107667776,Gobstopper,5.12c
106927822,The Glass Elevator,5.10d
108126174,Gilgamesh,5.12b
108430483,Gene Wilder,5.13a
108206728,For Your Health,5.11a
107353501,Seuss is Dead,5.7
108384261,Fickelgruber,5.8
108766319,EGBG,5.10a
107667789,Easy Pickins,5.8
107884601,Sam I Am,5.10d
105871304,Over the Hedge,5.3
108192500,Orange Crush,5.9+
107892916,Enkidu,5.11c
106453181,Chocolate River,5.9
108415831,Charlie,5.13b
107759737,Cat's Demise,5.13b
108412856,Buttercup,5.13c
105871488,One Fist Two Fist Red Fist Blue Fist,5.8+
107353511,The Lorax Tree,5.9+
107334531,Logic and Proportion,5.10a
105872442,Ham,5.7
107334542,Griptospuridiam,5.11b
108438115,What's Left of the Beeneling,5.10c
108437340,Frenchburg Overhangs,5.8
107699096,Baptist Preacher,5.6
107401205,Bleak December,5.12a
108640441,Ball Nuts and Brassies (Aka Broken Ankles),5.12-
107892923,Babinski sign ,5.10d
105872871,The Grinch,5.4
105872434,Green Eggs,5.7
106371729,God Save the Queen,5.7
107756397,Augustus Gloop,5.9
107334506,Chickenhead Better Than No Head,5.10a
105870649,Yellow Brick Road,5.11b
105880931,Wolverine,
105870771,Whiteout Direct (aka Nerds),5.9-
109499156,Small Victories,
106837502,Skittles,
105870653,The Shining,5.8+
106730270,Shelf Life,
106229634,The Andy Man Can,5.10d
105870659,Whiteout,5.8
105870665,Sharp,5.9-
105870235,Ruby Slippers,5.11a
109499027,Perfect Pink,
105917914,Day Dreaming,5.9+
106837476,Blister in the Sun,5.9
105860773,Oz,5.11c
106837525,My Sexy Cranberry,
105870781,Mandarin,5.10-
105870239,Lolliop Kids,5.11b
105870227,No Place Like Home,5.11c
106730262,Let the Wookie Win,
109499279,In The Middle,
106840193,Hollow Threat,
105868497,Girdle Traverse,5.4
105868531,Dirty Rastafarian Scoundrels,5.6
105870231,Flying Monkeys,5.12a
106840221,The Fictitious Egg,
105870764,Father's Day,5.5
105868516,Haystack,5.3
105869338,Auxier Chimney,5.5
106837515,Constellation,
106837495,Callandor,
105860768,Diamond In The Rough,5.10c
106837486,Black Magic Arete,
109499201,Big Toe Arete,
105919793,Where Lizards Dare,5.9+
106730108,The Turret,5.5
105919564,Serpent,5.10b
106045399,Scratch Your Face,5.9+
106730087,Route 48,5.5
105919554,Snake,5.8
105870326,Party Time,5.7
105886627,Horny Bitch,5.8-
105918104,Veldhaus Route,5.8
105869239,Up Swift Creek Without A Paddle,5.9
106599306,Seppuku,5.12d
106283004,There Goes the Neighborhood,5.11c
105871970,Sparkey Goes Crack Climbing,5.6
106282997,Smokin' Joe,5.11b
105866429,Rite of Passage,5.9+
105869231,Red Hot Chilli Pepper,5.10d
105869244,Prime Directive,5.11b
106599268,Orange Juice,5.12c
105867551,Local Color,5.10b
105868726,L'ile Au Ciel,5.11c
106383603,Joe Camel,5.8+
107122332,The Infidel,5.11d
105883508,Lucky Devil,
105883500,Black Dog,
105866451,Manic Impression,5.10a
105866439,Headstone Surfer,5.10a
105868713,Hardcore Jollies,5.11d
105867546,Goodstone,5.11a
106282988,Go Easy Billy Clyde,5.12a
107857060,Glory Be ,5.12a
105866459,Funkadelic,5.10b
106599342,Frugal Chariot,5.12a
106282978,Eye of the Needle,5.11b
105866423,Cruising Lane,5.10a
105889556,Fading Memory,5.10-
106129927,Calypso I,5.7
106837545,The Way of the Leaf,
108791007,Swiggity Swag the Nightmare Stag,
105919570,Calypso III,5.4
106129702,Calypso II,5.6
105970537,Blue Runner,5.9
105872466,Bombs Bursting,5.8
105870284,The Battlement,5.10+
105889548,American Wall,5.6
106123164,Out For Justice,5.11b
105871977,Bedtime for Bonzo,5.6
105889552,American Crack,5.6
106599327,Appalachian Spring,5.13a
105880914,Vision,5.7
109628066,Nailbiter,5.12-
106109316,Loosen Up,5.10b
105880920,Kentucky Pinstripe,5.10a
106723819,Jake Flake,5.7+
105872426,Father and Son,5.7
108558016,Dog Fight,5.10c/d
106723829,Rockhouse,5.4
105872766,Full Moon,5.7
106309912,Disappearer,5.11b
106309901,Deep Six,5.12b
107622069,Circa Man,5.10d
105872771,Fallout,5.10a
105880926,Eureka,5.6
105878287,Casual Viewing,5.7
106404831,Fibrulator,5.11b
106404805,Country Lovin,5.12b
107649608,Blood on the Nuts,5.8+
105917878,Piranha,5.7
105869204,Long Live Trad,5.10c
106405603,Crack Attack,5.9+
105917885,Dead Deer,5.10a
105880841,Bambi: Caught in the Headlights,5.6
105854135,Diamond in the Crack,5.6
105869356,Copperhead,5.6
105860648,To Defy The Laws Of Tradition,5.10a
105866371,Third World Lover,5.11d
107081591,Table of Colors Direct,5.13b
106304964,Table of Colors,5.13a
106146849,Stunning the Hog,5.12d
106146866,Sex Farm,5.12b
105866366,Relaxed Atmoshere,5.11
106169612,Infectious,5.12b
105867536,Henry,5.11b
105860693,Mr. Bungle,5.8
106045269,Mercy the Huff,5.12b
105860735,Maypop,5.11a
105860661,Fast Food Christians,5.10a
106325136,The Dinosaur,5.12d
105866353,Brother Stair,5.9+
105860667,Face Up To That Crack,5.8-
105866361,Aquaduck Pocket,5.11a
108341662,Darkness Falls,5.12d
108086116,Trailer Trashed,5.10+
108401317,Morning Wood,5.12a
105870787,Stranger Than Paradise,5.12c
107388654,Crag,
107388632,Camp,5.11d
107388644,Store,5.10c
105868153,Little White Lie,5.7
105868158,Blue Sky,5.8
